Timestamp,Score,Year Level,  Program/Course  ,  How often do you participate in academic group projects?  ,  Unequal participation occurs in group projects.  ,  Tracking individual contributions is difficult.  ,  Responsibilities are often unclear among members.  ,  Group conflicts happen due to unclear task assignments.  ,It is difficult to prove individual contributions to instructors.  ,  Existing tools are insufficient for tracking contributions.  ,"  How useful would the following features be in a contribution-tracking system?  

  Scale:
1 – Not Useful | 5 – Very Useful  ",  Task assignment tracking  ,"
Role-based membership","
  Deadline notifications  ","
  Project join codes ","
  Progress dashboard ","
  Contribution history  ",  Which feature is MOST important to you?  ,  The interface was easy to understand.  ,  Navigation within the extension was intuitive.  ,  Creating or joining a project was simple.  ,  Task assignment and updates were easy to perform.  ,  The system improved accountability among group members.  ,Deadline notifications were helpful.   ,  The layout and design were clear and organized.  ,  I could use the system without assistance.  ,  GroupTrack improved transparency in group work.  ,  The system clarified member responsibilities.  ,  GroupTrack could reduce conflicts in group projects.  ,  I would recommend GroupTrack for academic use. ,  What features did you like most about GroupTrack?  ,  What improvements or additional features would you suggest?  
02/03/2026 13:15:32,,Third Year,bsit,Often,4,4,5,5,5,4,,4,5,4,5,5,5,Progress analytics,4,4,5,5,5,4,5,5,5,5,5,5,the analytics,none all are good
26/03/2026 19:37:45,,Second Year,CCJE,Often,5,4,4,4,4,4,4,4,4,3,5,4,4,Member roles,4,4,5,5,4,4,4,4,5,4,4,5,member roles,
26/03/2026 19:40:01,,Third Year,CIT,Very Often,5,4,5,4,5,4,4,4,5,4,5,4,4,Progress analytics,4,3,4,4,4,4,4,4,4,4,4,5,task tracking,
26/03/2026 19:41:49,,Third Year,CCJE,Often,4,4,4,4,4,4,4,4,4,3,4,5,5,Deadline reminders,4,4,5,4,4,3,4,4,4,4,4,5,,
26/03/2026 19:44:26,,Fourth Year,SCJPS,Often,5,4,4,4,4,3,4,4,4,4,4,4,4,Member roles,4,4,5,4,4,4,4,4,5,4,4,4,,
26/03/2026 19:49:15,,Fourth Year,BSS,Often,4,4,4,4,4,4,4,4,4,4,4,4,5,Contribution records,4,4,5,5,4,4,4,5,5,4,4,5,,